run_name,changed_parameter,changed_value,epoch,time,train/box_loss,train/cls_loss,train/dfl_loss,metrics/precision(B),metrics/recall(B),metrics/mAP50(B),metrics/mAP50-95(B),val/box_loss,val/cls_loss,val/dfl_loss,lr/pg0,lr/pg1,lr/pg2,lr/pg3,lr/pg4,lr/pg5,lr/pg6,lr/pg7
run_00_default,none,default,1,924.67,1.16269,3.49861,0.02082,0.75118,0.61477,0.72253,0.58301,0.81386,1.30409,0.01853,0.00999692,0.00333231,0.00999692,0.00333231,0.00999692,0.00333231,0.00999692,0.00333231
run_00_default,none,default,2,1598.74,1.18281,1.72245,0.02112,0.75934,0.62418,0.75677,0.59662,0.86447,1.08135,0.02085,0.019337,0.00644567,0.019337,0.00644567,0.019337,0.00644567,0.019337,0.00644567
run_00_default,none,default,3,2173.07,1.26316,1.68137,0.02276,0.67516,0.61047,0.69258,0.52071,1.00404,1.36569,0.02407,0.0280171,0.00933904,0.0280171,0.00933904,0.0280171,0.00933904,0.0280171,0.00933904
run_00_default,none,default,4,2741.16,1.28405,1.62314,0.02306,0.71311,0.64395,0.73377,0.57154,0.96583,1.22824,0.02334,0.02703,0.00901,0.02703,0.00901,0.02703,0.00901,0.02703,0.00901
run_00_default,none,default,5,3306.24,1.22859,1.4653,0.02182,0.77234,0.71867,0.81064,0.66168,0.78567,0.91718,0.01786,0.02604,0.00868,0.02604,0.00868,0.02604,0.00868,0.02604,0.00868
run_00_default,none,default,6,3872.16,1.19082,1.35212,0.02097,0.78057,0.72484,0.80975,0.65107,0.82254,0.89266,0.01946,0.02505,0.00835,0.02505,0.00835,0.02505,0.00835,0.02505,0.00835
run_00_default,none,default,7,4437.8,1.16241,1.27253,0.02047,0.78783,0.72296,0.8006,0.64449,0.82998,0.89284,0.01933,0.02406,0.00802,0.02406,0.00802,0.02406,0.00802,0.02406,0.00802
run_00_default,none,default,8,5003.96,1.13985,1.19605,0.01996,0.84897,0.71623,0.81471,0.67149,0.7937,0.98951,0.01846,0.02307,0.00769,0.02307,0.00769,0.02307,0.00769,0.02307,0.00769
run_00_default,none,default,9,5571.26,1.1248,1.16549,0.01964,0.81217,0.73217,0.83237,0.67875,0.78862,0.90347,0.01827,0.02208,0.00736,0.02208,0.00736,0.02208,0.00736,0.02208,0.00736
run_00_default,none,default,10,6137.56,1.09825,1.09104,0.01912,0.7716,0.79325,0.84279,0.69535,0.77596,0.80681,0.01786,0.02109,0.00703,0.02109,0.00703,0.02109,0.00703,0.02109,0.00703
run_00_default,none,default,11,6703.11,1.08333,1.05459,0.01872,0.84768,0.74102,0.84507,0.70831,0.73322,0.77657,0.01638,0.0201,0.0067,0.0201,0.0067,0.0201,0.0067,0.0201,0.0067
run_00_default,none,default,12,7269.4,1.07062,1.02675,0.01856,0.8389,0.76535,0.85414,0.70441,0.76724,0.70524,0.01778,0.01911,0.00637,0.01911,0.00637,0.01911,0.00637,0.01911,0.00637
run_00_default,none,default,13,7833.99,1.05421,0.99471,0.01827,0.83737,0.78209,0.86294,0.72118,0.72677,0.7715,0.01642,0.01812,0.00604,0.01812,0.00604,0.01812,0.00604,0.01812,0.00604
run_00_default,none,default,14,8401.04,1.04539,0.95858,0.01811,0.78183,0.8123,0.86812,0.7194,0.73521,0.68728,0.01664,0.01713,0.00571,0.01713,0.00571,0.01713,0.00571,0.01713,0.00571
run_00_default,none,default,15,8966.95,1.0275,0.93712,0.0177,0.79697,0.80324,0.84838,0.70344,0.75099,0.75448,0.01711,0.01614,0.00538,0.01614,0.00538,0.01614,0.00538,0.01614,0.00538
run_00_default,none,default,16,9532.36,1.01838,0.91972,0.01755,0.85501,0.78675,0.87128,0.72134,0.72856,0.70708,0.01646,0.01515,0.00505,0.01515,0.00505,0.01515,0.00505,0.01515,0.00505
run_00_default,none,default,17,10099.2,0.99204,0.88022,0.01698,0.81773,0.80965,0.88488,0.73591,0.7436,0.66921,0.01702,0.01416,0.00472,0.01416,0.00472,0.01416,0.00472,0.01416,0.00472
run_00_default,none,default,18,10665.8,0.98072,0.86997,0.01672,0.80266,0.77563,0.85973,0.72312,0.73428,0.7769,0.01672,0.01317,0.00439,0.01317,0.00439,0.01317,0.00439,0.01317,0.00439
run_00_default,none,default,19,11232.8,0.96757,0.8387,0.01663,0.80974,0.75326,0.84877,0.71072,0.7246,0.80743,0.01652,0.01218,0.00406,0.01218,0.00406,0.01218,0.00406,0.01218,0.00406
run_00_default,none,default,20,11799.8,0.95772,0.82452,0.01634,0.78901,0.82212,0.8725,0.72889,0.75911,0.75005,0.01731,0.01119,0.00373,0.01119,0.00373,0.01119,0.00373,0.01119,0.00373
run_00_default,none,default,21,12319.2,0.7993,0.38407,0.01949,0.84983,0.76925,0.88764,0.74469,0.7319,0.70649,0.01669,0.0102,0.0034,0.0102,0.0034,0.0102,0.0034,0.0102,0.0034
run_00_default,none,default,22,12839.5,0.77587,0.3778,0.01879,0.83019,0.80789,0.88124,0.7352,0.73434,0.67558,0.0166,0.00921,0.00307,0.00921,0.00307,0.00921,0.00307,0.00921,0.00307
run_00_default,none,default,23,13358.8,0.76863,0.36193,0.01867,0.89348,0.77119,0.86772,0.72105,0.73805,0.71477,0.01671,0.00822,0.00274,0.00822,0.00274,0.00822,0.00274,0.00822,0.00274
run_00_default,none,default,24,13878.7,0.74658,0.3375,0.01797,0.79644,0.80993,0.86561,0.71984,0.73553,0.77686,0.01676,0.00723,0.00241,0.00723,0.00241,0.00723,0.00241,0.00723,0.00241
run_00_default,none,default,25,14398.7,0.72409,0.33127,0.01737,0.82631,0.79736,0.85007,0.71609,0.71383,0.82143,0.01618,0.00624,0.00208,0.00624,0.00208,0.00624,0.00208,0.00624,0.00208
run_00_default,none,default,26,14919.2,0.7086,0.31098,0.01698,0.86889,0.78472,0.85331,0.71843,0.71761,0.81879,0.01619,0.00525,0.00175,0.00525,0.00175,0.00525,0.00175,0.00525,0.00175
run_00_default,none,default,27,15440.5,0.68912,0.30983,0.01649,0.90159,0.76689,0.85904,0.72481,0.71889,0.80437,0.01625,0.00426,0.00142,0.00426,0.00142,0.00426,0.00142,0.00426,0.00142
run_00_default,none,default,28,15960.2,0.66897,0.30523,0.01592,0.89709,0.74951,0.85148,0.71844,0.72042,0.8468,0.01631,0.00327,0.00109,0.00327,0.00109,0.00327,0.00109,0.00327,0.00109
run_00_default,none,default,29,16479.2,0.65056,0.30517,0.01546,0.90642,0.72787,0.84601,0.71266,0.73051,0.84887,0.01665,0.00228,0.00076,0.00228,0.00076,0.00228,0.00076,0.00228,0.00076
run_00_default,none,default,30,16998.9,0.64094,0.28878,0.01528,0.80341,0.78903,0.8344,0.70397,0.73444,0.88528,0.01679,0.00129,0.00043,0.00129,0.00043,0.00129,0.00043,0.00129,0.00043
run_01_imgsz_416,imgsz,416,1,624.766,1.1765,3.11223,0.02095,0.5578,0.62398,0.64679,0.51752,0.82033,1.36353,0.01797,0.00999692,0.00333231,0.00999692,0.00333231,0.00999692,0.00333231,0.00999692,0.00333231
run_01_imgsz_416,imgsz,416,2,1102.04,1.19433,1.74848,0.02119,0.65874,0.68994,0.74064,0.57425,0.90913,1.17688,0.02008,0.019337,0.00644567,0.019337,0.00644567,0.019337,0.00644567,0.019337,0.00644567
run_01_imgsz_416,imgsz,416,3,1545.37,1.27206,1.70151,0.02253,0.6423,0.61556,0.67471,0.49988,1.04383,1.41124,0.02461,0.0280171,0.00933904,0.0280171,0.00933904,0.0280171,0.00933904,0.0280171,0.00933904
run_01_imgsz_416,imgsz,416,4,1979.32,1.31278,1.65829,0.02312,0.77786,0.67321,0.7708,0.58995,0.94879,1.04111,0.02182,0.02703,0.00901,0.02703,0.00901,0.02703,0.00901,0.02703,0.00901
run_01_imgsz_416,imgsz,416,5,2411.79,1.27183,1.48761,0.02224,0.7454,0.72405,0.76709,0.61825,0.82581,1.00381,0.01857,0.02604,0.00868,0.02604,0.00868,0.02604,0.00868,0.02604,0.00868
run_01_imgsz_416,imgsz,416,6,2846.65,1.21918,1.38005,0.02124,0.82134,0.74539,0.82732,0.65216,0.84663,0.88246,0.01896,0.02505,0.00835,0.02505,0.00835,0.02505,0.00835,0.02505,0.00835
run_01_imgsz_416,imgsz,416,7,3280.06,1.2017,1.30322,0.02094,0.82162,0.7022,0.79279,0.63829,0.86321,0.98298,0.01929,0.02406,0.00802,0.02406,0.00802,0.02406,0.00802,0.02406,0.00802
run_01_imgsz_416,imgsz,416,8,3713.4,1.17403,1.21259,0.02024,0.78804,0.76515,0.8216,0.6578,0.83118,0.88388,0.01899,0.02307,0.00769,0.02307,0.00769,0.02307,0.00769,0.02307,0.00769
run_01_imgsz_416,imgsz,416,9,4146.97,1.15778,1.17805,0.01993,0.82714,0.73938,0.84021,0.69398,0.78458,0.83575,0.01723,0.02208,0.00736,0.02208,0.00736,0.02208,0.00736,0.02208,0.00736
run_01_imgsz_416,imgsz,416,10,4579.96,1.14568,1.12768,0.01975,0.81516,0.75808,0.83755,0.68976,0.80253,0.77935,0.01796,0.02109,0.00703,0.02109,0.00703,0.02109,0.00703,0.02109,0.00703
run_01_imgsz_416,imgsz,416,11,5015.31,1.12738,1.08599,0.01941,0.81035,0.79631,0.84723,0.70409,0.76876,0.75905,0.0168,0.0201,0.0067,0.0201,0.0067,0.0201,0.0067,0.0201,0.0067
run_01_imgsz_416,imgsz,416,12,5449.95,1.11095,1.06704,0.01912,0.81669,0.74141,0.8421,0.7001,0.75748,0.78971,0.01671,0.01911,0.00637,0.01911,0.00637,0.01911,0.00637,0.01911,0.00637
run_01_imgsz_416,imgsz,416,13,5883.99,1.08656,1.03434,0.0186,0.81758,0.74847,0.79872,0.66366,0.77996,0.94569,0.01708,0.01812,0.00604,0.01812,0.00604,0.01812,0.00604,0.01812,0.00604
run_01_imgsz_416,imgsz,416,14,6316.95,1.07096,0.99358,0.01839,0.83769,0.78599,0.86997,0.72956,0.73827,0.69846,0.01621,0.01713,0.00571,0.01713,0.00571,0.01713,0.00571,0.01713,0.00571
run_01_imgsz_416,imgsz,416,15,6750.94,1.06079,0.9667,0.01816,0.79997,0.78871,0.85478,0.7149,0.75922,0.77192,0.01659,0.01614,0.00538,0.01614,0.00538,0.01614,0.00538,0.01614,0.00538
run_01_imgsz_416,imgsz,416,16,7186.35,1.05208,0.9464,0.01789,0.85481,0.78459,0.85899,0.72467,0.72391,0.7716,0.01581,0.01515,0.00505,0.01515,0.00505,0.01515,0.00505,0.01515,0.00505
run_01_imgsz_416,imgsz,416,17,7620.69,1.02743,0.91115,0.01737,0.81115,0.82788,0.87095,0.7281,0.74229,0.74158,0.01623,0.01416,0.00472,0.01416,0.00472,0.01416,0.00472,0.01416,0.00472
run_01_imgsz_416,imgsz,416,18,8056.04,1.01845,0.88695,0.01724,0.83506,0.81207,0.86986,0.73297,0.73366,0.74678,0.01579,0.01317,0.00439,0.01317,0.00439,0.01317,0.00439,0.01317,0.00439
run_01_imgsz_416,imgsz,416,19,8491.72,0.99833,0.85985,0.01691,0.85374,0.77841,0.86437,0.73165,0.7275,0.7506,0.01579,0.01218,0.00406,0.01218,0.00406,0.01218,0.00406,0.01218,0.00406
run_01_imgsz_416,imgsz,416,20,8926.63,0.98428,0.84975,0.01665,0.79662,0.80705,0.85704,0.72501,0.73331,0.76835,0.01592,0.01119,0.00373,0.01119,0.00373,0.01119,0.00373,0.01119,0.00373
run_01_imgsz_416,imgsz,416,21,9341.39,0.81313,0.39634,0.01944,0.78566,0.80257,0.84836,0.7139,0.74362,0.81233,0.01615,0.0102,0.0034,0.0102,0.0034,0.0102,0.0034,0.0102,0.0034
run_01_imgsz_416,imgsz,416,22,9754.22,0.78818,0.40488,0.01886,0.82511,0.76713,0.834,0.69825,0.74622,0.82766,0.01613,0.00921,0.00307,0.00921,0.00307,0.00921,0.00307,0.00921,0.00307
run_01_imgsz_416,imgsz,416,23,10167.3,0.76863,0.37443,0.01832,0.86211,0.70508,0.82049,0.67717,0.77792,0.91903,0.0169,0.00822,0.00274,0.00822,0.00274,0.00822,0.00274,0.00822,0.00274
run_01_imgsz_416,imgsz,416,24,10580.5,0.75224,0.34949,0.01788,0.77832,0.76686,0.83005,0.68558,0.76759,0.89973,0.01649,0.00723,0.00241,0.00723,0.00241,0.00723,0.00241,0.00723,0.00241
run_01_imgsz_416,imgsz,416,25,10992.1,0.73319,0.34456,0.01744,0.77893,0.78673,0.83664,0.68829,0.77934,0.89822,0.01677,0.00624,0.00208,0.00624,0.00208,0.00624,0.00208,0.00624,0.00208
run_01_imgsz_416,imgsz,416,26,11404.7,0.71628,0.33266,0.01698,0.77849,0.77338,0.81974,0.67521,0.78326,0.9274,0.01689,0.00525,0.00175,0.00525,0.00175,0.00525,0.00175,0.00525,0.00175
run_01_imgsz_416,imgsz,416,27,11909.8,0.698,0.32886,0.01656,0.83845,0.75417,0.82783,0.68243,0.77226,0.9523,0.01665,0.00426,0.00142,0.00426,0.00142,0.00426,0.00142,0.00426,0.00142
run_01_imgsz_416,imgsz,416,28,12384.2,0.68583,0.32062,0.01622,0.85027,0.73475,0.82849,0.68266,0.77631,0.9503,0.01668,0.00327,0.00109,0.00327,0.00109,0.00327,0.00109,0.00327,0.00109
run_02_imgsz_512,imgsz,512,1,660.218,1.16836,3.27383,0.02076,0.61241,0.5767,0.67504,0.53774,0.81742,1.38489,0.01853,0.00999692,0.00333231,0.00999692,0.00333231,0.00999692,0.00333231,0.00999692,0.00333231
run_02_imgsz_512,imgsz,512,2,1177.47,1.18307,1.72802,0.02096,0.7336,0.71291,0.77373,0.61922,0.81286,1.08507,0.01828,0.019337,0.00644567,0.019337,0.00644567,0.019337,0.00644567,0.019337,0.00644567
run_02_imgsz_512,imgsz,512,3,1655.72,1.25199,1.67118,0.02226,0.70476,0.6073,0.69545,0.5405,0.9489,1.27361,0.02219,0.0280171,0.00933904,0.0280171,0.00933904,0.0280171,0.00933904,0.0280171,0.00933904
run_02_imgsz_512,imgsz,512,4,2126.84,1.29986,1.64282,0.02304,0.68091,0.72225,0.75215,0.5912,0.88216,1.13032,0.02049,0.02703,0.00901,0.02703,0.00901,0.02703,0.00901,0.02703,0.00901
run_02_imgsz_512,imgsz,512,5,2595.39,1.24585,1.44867,0.02184,0.79468,0.73447,0.81173,0.65758,0.83319,0.96084,0.01913,0.02604,0.00868,0.02604,0.00868,0.02604,0.00868,0.02604,0.00868
run_02_imgsz_512,imgsz,512,6,3063.6,1.20406,1.33712,0.02109,0.7391,0.74389,0.79778,0.64256,0.82263,0.90538,0.01877,0.02505,0.00835,0.02505,0.00835,0.02505,0.00835,0.02505,0.00835
run_02_imgsz_512,imgsz,512,7,3534.25,1.18638,1.26484,0.02074,0.75467,0.76906,0.82945,0.67107,0.80415,0.8501,0.01856,0.02406,0.00802,0.02406,0.00802,0.02406,0.00802,0.02406,0.00802
run_02_imgsz_512,imgsz,512,8,4003.89,1.16203,1.17881,0.02006,0.76038,0.75684,0.83267,0.67728,0.79511,0.87652,0.01819,0.02307,0.00769,0.02307,0.00769,0.02307,0.00769,0.02307,0.00769
run_02_imgsz_512,imgsz,512,9,4477.25,1.13861,1.15042,0.01968,0.81646,0.77808,0.84269,0.69671,0.7571,0.80395,0.01698,0.02208,0.00736,0.02208,0.00736,0.02208,0.00736,0.02208,0.00736
run_02_imgsz_512,imgsz,512,10,4950.62,1.12385,1.10667,0.01941,0.78272,0.77489,0.84376,0.68501,0.79512,0.77812,0.01816,0.02109,0.00703,0.02109,0.00703,0.02109,0.00703,0.02109,0.00703
run_02_imgsz_512,imgsz,512,11,5421.5,1.10391,1.05608,0.01907,0.85314,0.73099,0.84487,0.6973,0.73994,0.79526,0.01694,0.0201,0.0067,0.0201,0.0067,0.0201,0.0067,0.0201,0.0067
run_02_imgsz_512,imgsz,512,12,5892.1,1.08109,1.03799,0.01865,0.84687,0.70479,0.83858,0.69002,0.75519,0.81653,0.01739,0.01911,0.00637,0.01911,0.00637,0.01911,0.00637,0.01911,0.00637
run_02_imgsz_512,imgsz,512,13,6361.76,1.06779,0.99722,0.01832,0.84775,0.75663,0.8423,0.69354,0.7664,0.81936,0.01734,0.01812,0.00604,0.01812,0.00604,0.01812,0.00604,0.01812,0.00604
run_02_imgsz_512,imgsz,512,14,6833.69,1.04859,0.97488,0.01802,0.86787,0.78664,0.8856,0.75316,0.71431,0.66619,0.016,0.01713,0.00571,0.01713,0.00571,0.01713,0.00571,0.01713,0.00571
run_02_imgsz_512,imgsz,512,15,7305.77,1.03794,0.94567,0.01789,0.84213,0.76645,0.8718,0.73625,0.72591,0.67103,0.01623,0.01614,0.00538,0.01614,0.00538,0.01614,0.00538,0.01614,0.00538
run_02_imgsz_512,imgsz,512,16,7775.1,1.02837,0.93211,0.01755,0.80993,0.82363,0.88058,0.74398,0.71342,0.67585,0.01608,0.01515,0.00505,0.01515,0.00505,0.01515,0.00505,0.01515,0.00505
run_02_imgsz_512,imgsz,512,17,8246.02,1.00852,0.88643,0.01711,0.81017,0.82423,0.87978,0.73797,0.72045,0.6854,0.01608,0.01416,0.00472,0.01416,0.00472,0.01416,0.00472,0.01416,0.00472
run_02_imgsz_512,imgsz,512,18,8715.04,0.99705,0.86527,0.01696,0.8072,0.8156,0.87129,0.73492,0.71897,0.72825,0.01602,0.01317,0.00439,0.01317,0.00439,0.01317,0.00439,0.01317,0.00439
run_02_imgsz_512,imgsz,512,19,9185.46,0.97946,0.8398,0.01666,0.85136,0.76124,0.86725,0.73173,0.70921,0.75417,0.01577,0.01218,0.00406,0.01218,0.00406,0.01218,0.00406,0.01218,0.00406
run_02_imgsz_512,imgsz,512,20,9655.28,0.9658,0.83118,0.01641,0.8237,0.767,0.87402,0.73173,0.71722,0.72403,0.01594,0.01119,0.00373,0.01119,0.00373,0.01119,0.00373,0.01119,0.00373
run_02_imgsz_512,imgsz,512,21,10097.3,0.80197,0.38763,0.01933,0.86839,0.77223,0.86241,0.72201,0.71785,0.73424,0.01606,0.0102,0.0034,0.0102,0.0034,0.0102,0.0034,0.0102,0.0034
run_02_imgsz_512,imgsz,512,22,10539.1,0.78198,0.36748,0.01883,0.8306,0.78874,0.86809,0.73199,0.70103,0.77985,0.01553,0.00921,0.00307,0.00921,0.00307,0.00921,0.00307,0.00921,0.00307
run_02_imgsz_512,imgsz,512,23,10979.4,0.76233,0.35899,0.01824,0.83659,0.79364,0.85658,0.71433,0.71949,0.78934,0.01589,0.00822,0.00274,0.00822,0.00274,0.00822,0.00274,0.00822,0.00274
run_02_imgsz_512,imgsz,512,24,11422.8,0.74764,0.34691,0.01785,0.84972,0.77897,0.84008,0.70397,0.72849,0.80395,0.01621,0.00723,0.00241,0.00723,0.00241,0.00723,0.00241,0.00723,0.00241
run_03_imgsz_768,imgsz,768,1,855.727,1.17898,3.7999,0.02124,0.69153,0.51647,0.65402,0.50757,0.91525,1.45911,0.02173,0.00999692,0.00333231,0.00999692,0.00333231,0.00999692,0.00333231,0.00999692,0.00333231
run_03_imgsz_768,imgsz,768,2,1574.6,1.20484,1.78369,0.02186,0.59965,0.59052,0.65032,0.4781,0.9918,1.445,0.02486,0.019337,0.00644567,0.019337,0.00644567,0.019337,0.00644567,0.019337,0.00644567
run_03_imgsz_768,imgsz,768,3,2258.09,1.26408,1.69108,0.02296,0.6067,0.64122,0.6718,0.46224,1.18971,1.50091,0.03121,0.0280171,0.00933904,0.0280171,0.00933904,0.0280171,0.00933904,0.0280171,0.00933904
run_03_imgsz_768,imgsz,768,4,2934.57,1.29923,1.62726,0.02349,0.73575,0.64311,0.72873,0.5342,1.04878,1.23742,0.02641,0.02703,0.00901,0.02703,0.00901,0.02703,0.00901,0.02703,0.00901
run_03_imgsz_768,imgsz,768,5,3610.49,1.25131,1.44887,0.02236,0.71249,0.69758,0.76137,0.59931,0.89789,1.03601,0.02112,0.02604,0.00868,0.02604,0.00868,0.02604,0.00868,0.02604,0.00868
run_03_imgsz_768,imgsz,768,6,4284.77,1.20201,1.34388,0.02139,0.71912,0.77269,0.8115,0.6489,0.86498,0.89659,0.02065,0.02505,0.00835,0.02505,0.00835,0.02505,0.00835,0.02505,0.00835
run_03_imgsz_768,imgsz,768,7,4959.86,1.17357,1.25801,0.02086,0.81106,0.68567,0.79571,0.62738,0.91571,0.95819,0.02252,0.02406,0.00802,0.02406,0.00802,0.02406,0.00802,0.02406,0.00802
run_03_imgsz_768,imgsz,768,8,5634.21,1.14264,1.18787,0.02007,0.75251,0.77521,0.81947,0.65859,0.84989,0.91502,0.0202,0.02307,0.00769,0.02307,0.00769,0.02307,0.00769,0.02307,0.00769
run_03_imgsz_768,imgsz,768,9,6307.31,1.12049,1.15228,0.01968,0.77782,0.73246,0.81831,0.66823,0.79501,0.90616,0.01839,0.02208,0.00736,0.02208,0.00736,0.02208,0.00736,0.02208,0.00736
run_03_imgsz_768,imgsz,768,10,6983.16,1.10287,1.11116,0.01936,0.7736,0.7837,0.8546,0.69854,0.80929,0.79056,0.01916,0.02109,0.00703,0.02109,0.00703,0.02109,0.00703,0.02109,0.00703
run_03_imgsz_768,imgsz,768,11,7646.77,1.08885,1.05281,0.01909,0.8161,0.76068,0.83563,0.68439,0.80517,0.81182,0.0191,0.0201,0.0067,0.0201,0.0067,0.0201,0.0067,0.0201,0.0067
run_03_imgsz_768,imgsz,768,12,8288.25,1.0703,1.03337,0.01877,0.81972,0.77389,0.83302,0.69352,0.77944,0.80744,0.01804,0.01911,0.00637,0.01911,0.00637,0.01911,0.00637,0.01911,0.00637
run_03_imgsz_768,imgsz,768,13,8918.4,1.05043,0.9922,0.01831,0.82748,0.80197,0.85086,0.69795,0.78309,0.78619,0.01853,0.01812,0.00604,0.01812,0.00604,0.01812,0.00604,0.01812,0.00604
run_03_imgsz_768,imgsz,768,14,9565.54,1.03737,0.96101,0.01809,0.84361,0.80231,0.86299,0.7158,0.75578,0.70667,0.01751,0.01713,0.00571,0.01713,0.00571,0.01713,0.00571,0.01713,0.00571
run_03_imgsz_768,imgsz,768,15,10207.1,1.02314,0.93142,0.01786,0.81008,0.77335,0.86266,0.71583,0.73641,0.74278,0.01689,0.01614,0.00538,0.01614,0.00538,0.01614,0.00538,0.01614,0.00538
run_03_imgsz_768,imgsz,768,16,10851.5,1.01296,0.92824,0.01756,0.84406,0.79766,0.86638,0.71916,0.7296,0.71532,0.01666,0.01515,0.00505,0.01515,0.00505,0.01515,0.00505,0.01515,0.00505
run_03_imgsz_768,imgsz,768,17,11482.9,0.99338,0.88367,0.01709,0.83336,0.79632,0.87276,0.72989,0.72847,0.78772,0.01638,0.01416,0.00472,0.01416,0.00472,0.01416,0.00472,0.01416,0.00472
run_03_imgsz_768,imgsz,768,18,12125.7,0.98153,0.87113,0.0169,0.81674,0.80763,0.85929,0.72312,0.73112,0.74226,0.0167,0.01317,0.00439,0.01317,0.00439,0.01317,0.00439,0.01317,0.00439
run_03_imgsz_768,imgsz,768,19,12758.4,0.96354,0.84096,0.01659,0.83602,0.79609,0.85825,0.71918,0.7389,0.72678,0.017,0.01218,0.00406,0.01218,0.00406,0.01218,0.00406,0.01218,0.00406
run_03_imgsz_768,imgsz,768,20,13406.0,0.9524,0.8256,0.01636,0.82532,0.78743,0.85249,0.70944,0.7632,0.78106,0.01752,0.01119,0.00373,0.01119,0.00373,0.01119,0.00373,0.01119,0.00373
run_03_imgsz_768,imgsz,768,21,13988.9,0.80703,0.39489,0.01972,0.88521,0.78015,0.85688,0.71068,0.75987,0.71405,0.01737,0.0102,0.0034,0.0102,0.0034,0.0102,0.0034,0.0102,0.0034
run_03_imgsz_768,imgsz,768,22,14573.4,0.7856,0.38738,0.01913,0.86428,0.77661,0.87001,0.71584,0.75805,0.734,0.01729,0.00921,0.00307,0.00921,0.00307,0.00921,0.00307,0.00921,0.00307
run_03_imgsz_768,imgsz,768,23,15171.7,0.7673,0.36647,0.01863,0.84602,0.79184,0.84864,0.6961,0.77027,0.79286,0.01758,0.00822,0.00274,0.00822,0.00274,0.00822,0.00274,0.00822,0.00274
run_03_imgsz_768,imgsz,768,24,15757.1,0.74763,0.35412,0.01805,0.88058,0.77943,0.86965,0.72073,0.76283,0.71792,0.01745,0.00723,0.00241,0.00723,0.00241,0.00723,0.00241,0.00723,0.00241
run_03_imgsz_768,imgsz,768,25,16351.7,0.73455,0.35139,0.01775,0.84701,0.80068,0.86609,0.71451,0.76962,0.73849,0.01758,0.00624,0.00208,0.00624,0.00208,0.00624,0.00208,0.00624,0.00208
run_03_imgsz_768,imgsz,768,26,16946.3,0.71241,0.33972,0.01716,0.82482,0.82659,0.86629,0.71885,0.76092,0.75513,0.01728,0.00525,0.00175,0.00525,0.00175,0.00525,0.00175,0.00525,0.00175
run_03_imgsz_768,imgsz,768,27,17565.1,0.69702,0.32177,0.01675,0.84595,0.77266,0.85288,0.70436,0.76337,0.77747,0.01729,0.00426,0.00142,0.00426,0.00142,0.00426,0.00142,0.00426,0.00142
run_04_batch_4,batch,4,1,1091.47,1.1986,3.40977,0.02183,0.63239,0.61088,0.69088,0.55314,0.81765,1.25161,0.01917,0.00999846,0.00333282,0.00999846,0.00333282,0.00999846,0.00333282,0.00999846,0.00333282
run_04_batch_4,batch,4,2,1949.19,1.23552,1.81374,0.02275,0.72012,0.68987,0.76245,0.60778,0.82938,1.12882,0.01946,0.0193385,0.00644617,0.0193385,0.00644617,0.0193385,0.00644617,0.0193385,0.00644617
run_04_batch_4,batch,4,3,2767.13,1.29444,1.78472,0.02382,0.67717,0.66819,0.71681,0.53404,0.99556,1.24669,0.02385,0.0280186,0.00933952,0.0280186,0.00933952,0.0280186,0.00933952,0.0280186,0.00933952
run_04_batch_4,batch,4,4,3531.54,1.31869,1.70133,0.02422,0.72266,0.65018,0.75666,0.5638,0.99581,1.19246,0.02443,0.02703,0.00901,0.02703,0.00901,0.02703,0.00901,0.02703,0.00901
run_04_batch_4,batch,4,5,4309.4,1.28248,1.5304,0.02337,0.82218,0.70145,0.815,0.64348,0.85084,0.99101,0.01972,0.02604,0.00868,0.02604,0.00868,0.02604,0.00868,0.02604,0.00868
run_04_batch_4,batch,4,6,5066.92,1.21891,1.41385,0.02202,0.83616,0.73944,0.81494,0.656,0.79081,0.9816,0.01838,0.02505,0.00835,0.02505,0.00835,0.02505,0.00835,0.02505,0.00835
run_04_batch_4,batch,4,7,5841.15,1.19923,1.33384,0.02165,0.76536,0.69255,0.77295,0.62609,0.86293,1.11165,0.02082,0.02406,0.00802,0.02406,0.00802,0.02406,0.00802,0.02406,0.00802
run_04_batch_4,batch,4,8,6612.06,1.17246,1.27308,0.02088,0.7832,0.74542,0.82972,0.67128,0.83856,0.90053,0.0197,0.02307,0.00769,0.02307,0.00769,0.02307,0.00769,0.02307,0.00769
run_04_batch_4,batch,4,9,7384.84,1.146,1.20605,0.02033,0.80025,0.7676,0.83029,0.69061,0.76461,0.84036,0.01774,0.02208,0.00736,0.02208,0.00736,0.02208,0.00736,0.02208,0.00736
run_04_batch_4,batch,4,10,8161.28,1.12829,1.16355,0.02008,0.88664,0.74677,0.85509,0.70815,0.76203,0.89602,0.01745,0.02109,0.00703,0.02109,0.00703,0.02109,0.00703,0.02109,0.00703
run_04_batch_4,batch,4,11,8919.68,1.10948,1.11838,0.01984,0.78747,0.76279,0.81437,0.67743,0.78885,0.90546,0.01827,0.0201,0.0067,0.0201,0.0067,0.0201,0.0067,0.0201,0.0067
run_04_batch_4,batch,4,12,9695.58,1.09688,1.06923,0.0195,0.75615,0.78986,0.83689,0.68593,0.81065,0.91121,0.01874,0.01911,0.00637,0.01911,0.00637,0.01911,0.00637,0.01911,0.00637
run_04_batch_4,batch,4,13,10454.4,1.08385,1.05564,0.01919,0.83174,0.71195,0.7898,0.65753,0.75423,1.07801,0.01744,0.01812,0.00604,0.01812,0.00604,0.01812,0.00604,0.01812,0.00604
run_04_batch_4,batch,4,14,11230.1,1.07179,1.01565,0.01902,0.8385,0.7683,0.83801,0.6999,0.75954,0.87467,0.0171,0.01713,0.00571,0.01713,0.00571,0.01713,0.00571,0.01713,0.00571
run_04_batch_4,batch,4,15,11988.1,1.04978,0.97676,0.01857,0.79488,0.80357,0.84889,0.7172,0.7026,0.8161,0.01604,0.01614,0.00538,0.01614,0.00538,0.01614,0.00538,0.01614,0.00538
run_04_batch_4,batch,4,16,12747.0,1.03537,0.97543,0.01821,0.78858,0.78863,0.83075,0.69717,0.72708,0.85094,0.01661,0.01515,0.00505,0.01515,0.00505,0.01515,0.00505,0.01515,0.00505
run_04_batch_4,batch,4,17,13523.9,1.02512,0.93163,0.01792,0.77091,0.8159,0.84226,0.69878,0.73397,0.84919,0.01649,0.01416,0.00472,0.01416,0.00472,0.01416,0.00472,0.01416,0.00472
run_04_batch_4,batch,4,18,14281.6,1.01516,0.90677,0.01778,0.78225,0.7858,0.8509,0.7039,0.74475,0.81138,0.01701,0.01317,0.00439,0.01317,0.00439,0.01317,0.00439,0.01317,0.00439
run_04_batch_4,batch,4,19,15130.9,0.99572,0.88077,0.01742,0.87908,0.73495,0.85503,0.71238,0.74395,0.78923,0.01697,0.01218,0.00406,0.01218,0.00406,0.01218,0.00406,0.01218,0.00406
run_04_batch_4,batch,4,20,15986.8,0.98231,0.86256,0.01726,0.8085,0.7912,0.85945,0.72287,0.7408,0.8042,0.01664,0.01119,0.00373,0.01119,0.00373,0.01119,0.00373,0.01119,0.00373
run_04_batch_4,batch,4,21,16716.5,0.82139,0.40122,0.01998,0.8678,0.76829,0.88211,0.73177,0.75397,0.73156,0.01724,0.0102,0.0034,0.0102,0.0034,0.0102,0.0034,0.0102,0.0034
run_04_batch_4,batch,4,22,17451.9,0.80437,0.38428,0.01949,0.79685,0.81119,0.86181,0.71866,0.76114,0.77763,0.01721,0.00921,0.00307,0.00921,0.00307,0.00921,0.00307,0.00921,0.00307
run_04_batch_4,batch,4,23,18186.0,0.77943,0.37108,0.01883,0.83889,0.79887,0.87286,0.72408,0.75658,0.76071,0.0171,0.00822,0.00274,0.00822,0.00274,0.00822,0.00274,0.00822,0.00274
run_04_batch_4,batch,4,24,18920.7,0.75983,0.35605,0.01829,0.81759,0.80566,0.86016,0.71656,0.74753,0.7784,0.01685,0.00723,0.00241,0.00723,0.00241,0.00723,0.00241,0.00723,0.00241
run_04_batch_4,batch,4,25,19640.5,0.74413,0.3392,0.01793,0.85485,0.75923,0.85757,0.70755,0.75864,0.82687,0.01706,0.00624,0.00208,0.00624,0.00208,0.00624,0.00208,0.00624,0.00208
run_04_batch_4,batch,4,26,20358.2,0.72455,0.3254,0.0174,0.79513,0.79278,0.84436,0.70082,0.74979,0.8687,0.0168,0.00525,0.00175,0.00525,0.00175,0.00525,0.00175,0.00525,0.00175
run_04_batch_4,batch,4,27,21078.1,0.70705,0.318,0.01696,0.79824,0.79111,0.83612,0.69817,0.74841,0.89836,0.01677,0.00426,0.00142,0.00426,0.00142,0.00426,0.00142,0.00426,0.00142
run_04_batch_4,batch,4,28,21899.9,0.6944,0.30474,0.0166,0.83216,0.7545,0.83746,0.70239,0.74594,0.92209,0.01673,0.00327,0.00109,0.00327,0.00109,0.00327,0.00109,0.00327,0.00109
run_04_batch_4,batch,4,29,22744.2,0.67619,0.30296,0.01612,0.81691,0.76362,0.83307,0.6962,0.74449,0.94714,0.01667,0.00228,0.00076,0.00228,0.00076,0.00228,0.00076,0.00228,0.00076
run_04_batch_4,batch,4,30,23507.2,0.6614,0.29806,0.01578,0.80095,0.78355,0.83605,0.70061,0.74507,0.97038,0.01669,0.00129,0.00043,0.00129,0.00043,0.00129,0.00043,0.00129,0.00043
run_05_batch_12,batch,12,1,624.199,1.15685,3.63676,0.02054,0.5744,0.5366,0.62303,0.47446,0.94504,1.6259,0.02215,0.00999539,0.0033318,0.00999539,0.0033318,0.00999539,0.0033318,0.00999539,0.0033318
run_05_batch_12,batch,12,2,1145.03,1.15626,1.69167,0.02049,0.77558,0.5608,0.71954,0.58501,0.81767,1.27152,0.01831,0.0193355,0.00644518,0.0193355,0.00644518,0.0193355,0.00644518,0.0193355,0.00644518
run_05_batch_12,batch,12,3,1640.84,1.2392,1.63539,0.02211,0.63129,0.62372,0.67391,0.50193,1.0508,1.35513,0.02505,0.0280157,0.00933856,0.0280157,0.00933856,0.0280157,0.00933856,0.0280157,0.00933856
run_05_batch_12,batch,12,4,2131.52,1.28567,1.58056,0.02278,0.62812,0.61742,0.66822,0.50186,1.04482,1.36022,0.02554,0.02703,0.00901,0.02703,0.00901,0.02703,0.00901,0.02703,0.00901
run_05_batch_12,batch,12,5,2620.92,1.23397,1.43347,0.02175,0.82678,0.74805,0.84065,0.67359,0.84759,0.90419,0.0198,0.02604,0.00868,0.02604,0.00868,0.02604,0.00868,0.02604,0.00868
run_05_batch_12,batch,12,6,3114.62,1.18796,1.32196,0.02085,0.74232,0.75632,0.81219,0.65402,0.82865,0.9013,0.01933,0.02505,0.00835,0.02505,0.00835,0.02505,0.00835,0.02505,0.00835
run_05_batch_12,batch,12,7,3606.07,1.15688,1.24172,0.02031,0.73176,0.74379,0.82331,0.66428,0.84225,0.90268,0.01897,0.02406,0.00802,0.02406,0.00802,0.02406,0.00802,0.02406,0.00802
run_05_batch_12,batch,12,8,4095.79,1.13037,1.17241,0.0196,0.85248,0.73695,0.8453,0.69828,0.76835,0.83498,0.01718,0.02307,0.00769,0.02307,0.00769,0.02307,0.00769,0.02307,0.00769
run_05_batch_12,batch,12,9,4585.8,1.11878,1.12099,0.01934,0.80618,0.72055,0.8215,0.67851,0.78469,0.92238,0.01778,0.02208,0.00736,0.02208,0.00736,0.02208,0.00736,0.02208,0.00736
run_05_batch_12,batch,12,10,5077.34,1.09581,1.07875,0.01902,0.80318,0.76142,0.84259,0.67057,0.87336,0.84758,0.02017,0.02109,0.00703,0.02109,0.00703,0.02109,0.00703,0.02109,0.00703
run_05_batch_12,batch,12,11,5567.47,1.07881,1.04554,0.01868,0.76912,0.78706,0.86274,0.71119,0.7592,0.82426,0.01678,0.0201,0.0067,0.0201,0.0067,0.0201,0.0067,0.0201,0.0067
run_05_batch_12,batch,12,12,6056.68,1.0578,1.00304,0.01831,0.84944,0.74296,0.84882,0.70037,0.75397,0.81436,0.01702,0.01911,0.00637,0.01911,0.00637,0.01911,0.00637,0.01911,0.00637
run_05_batch_12,batch,12,13,6546.75,1.04683,0.97033,0.01801,0.87871,0.77968,0.86468,0.71384,0.74616,0.80623,0.01661,0.01812,0.00604,0.01812,0.00604,0.01812,0.00604,0.01812,0.00604
run_05_batch_12,batch,12,14,7036.9,1.02703,0.95742,0.01762,0.87788,0.72882,0.84403,0.70551,0.73978,0.8394,0.01643,0.01713,0.00571,0.01713,0.00571,0.01713,0.00571,0.01713,0.00571
run_05_batch_12,batch,12,15,7527.09,1.01147,0.91747,0.0173,0.87141,0.75823,0.86473,0.72061,0.74644,0.76367,0.01669,0.01614,0.00538,0.01614,0.00538,0.01614,0.00538,0.01614,0.00538
run_05_batch_12,batch,12,16,8016.59,1.00436,0.90617,0.01716,0.85699,0.78279,0.85135,0.71012,0.73213,0.83043,0.01614,0.01515,0.00505,0.01515,0.00505,0.01515,0.00505,0.01515,0.00505
run_05_batch_12,batch,12,17,8507.06,0.98842,0.87059,0.01678,0.8543,0.8021,0.88323,0.73428,0.74038,0.69851,0.01635,0.01416,0.00472,0.01416,0.00472,0.01416,0.00472,0.01416,0.00472
run_05_batch_12,batch,12,18,8998.33,0.975,0.84588,0.01659,0.85022,0.8134,0.88833,0.73567,0.74859,0.70054,0.01669,0.01317,0.00439,0.01317,0.00439,0.01317,0.00439,0.01317,0.00439
run_05_batch_12,batch,12,19,9487.98,0.95409,0.82159,0.01618,0.87957,0.79731,0.89488,0.74876,0.70861,0.68534,0.0157,0.01218,0.00406,0.01218,0.00406,0.01218,0.00406,0.01218,0.00406
run_05_batch_12,batch,12,20,9976.87,0.94601,0.79682,0.01607,0.84199,0.83847,0.89682,0.74671,0.7336,0.69239,0.01627,0.01119,0.00373,0.01119,0.00373,0.01119,0.00373,0.01119,0.00373
run_05_batch_12,batch,12,21,10424.6,0.79512,0.37755,0.01937,0.83953,0.80763,0.87603,0.72588,0.72656,0.71547,0.01605,0.0102,0.0034,0.0102,0.0034,0.0102,0.0034,0.0102,0.0034
run_05_batch_12,batch,12,22,10872.1,0.77816,0.36743,0.01885,0.79644,0.82534,0.86437,0.7191,0.71915,0.75987,0.01578,0.00921,0.00307,0.00921,0.00307,0.00921,0.00307,0.00921,0.00307
run_05_batch_12,batch,12,23,11320.8,0.75048,0.3499,0.01809,0.86005,0.81128,0.87749,0.73142,0.71016,0.74805,0.01561,0.00822,0.00274,0.00822,0.00274,0.00822,0.00274,0.00822,0.00274
run_05_batch_12,batch,12,24,11766.6,0.73533,0.32981,0.0177,0.84967,0.84969,0.87487,0.73152,0.71252,0.73571,0.01573,0.00723,0.00241,0.00723,0.00241,0.00723,0.00241,0.00723,0.00241
run_05_batch_12,batch,12,25,12214.9,0.71057,0.31813,0.01702,0.86416,0.84255,0.87824,0.73451,0.71459,0.7523,0.01582,0.00624,0.00208,0.00624,0.00208,0.00624,0.00208,0.00624,0.00208
run_05_batch_12,batch,12,26,12663.4,0.69322,0.31199,0.01658,0.8737,0.82189,0.88139,0.73368,0.72059,0.73018,0.01594,0.00525,0.00175,0.00525,0.00175,0.00525,0.00175,0.00525,0.00175
run_05_batch_12,batch,12,27,13101.1,0.67554,0.30446,0.01608,0.82188,0.84753,0.88294,0.73455,0.71395,0.76655,0.0158,0.00426,0.00142,0.00426,0.00142,0.00426,0.00142,0.00426,0.00142
run_05_batch_12,batch,12,28,13533.1,0.65852,0.29827,0.01566,0.87183,0.81386,0.8731,0.72861,0.71042,0.77947,0.01572,0.00327,0.00109,0.00327,0.00109,0.00327,0.00109,0.00327,0.00109
run_05_batch_12,batch,12,29,13965.7,0.64816,0.28594,0.01547,0.86861,0.81301,0.86843,0.7258,0.72065,0.79073,0.01595,0.00228,0.00076,0.00228,0.00076,0.00228,0.00076,0.00228,0.00076
run_06_batch_16,batch,16,1,927.892,1.14444,3.71252,0.02026,0.5475,0.59683,0.64453,0.51442,0.8472,1.45168,0.01989,0.00999385,0.00333128,0.00999385,0.00333128,0.00999385,0.00333128,0.00999385,0.00333128
run_06_batch_16,batch,16,2,1694.5,1.1661,1.65132,0.02057,0.61874,0.63486,0.68785,0.52936,0.93368,1.35933,0.02282,0.019334,0.00644468,0.019334,0.00644468,0.019334,0.00644468,0.019334,0.00644468
run_06_batch_16,batch,16,3,2258.21,1.24542,1.61493,0.02217,0.64327,0.67033,0.73422,0.54024,1.08912,1.19499,0.02605,0.0280143,0.00933808,0.0280143,0.00933808,0.0280143,0.00933808,0.0280143,0.00933808
run_06_batch_16,batch,16,4,2898.29,1.25884,1.56347,0.02238,0.66226,0.70463,0.76664,0.59008,0.96064,1.06555,0.02199,0.02703,0.00901,0.02703,0.00901,0.02703,0.00901,0.02703,0.00901
run_06_batch_16,batch,16,5,3315.33,1.22222,1.41723,0.02145,0.686,0.76527,0.80768,0.65345,0.80392,0.94563,0.0183,0.02604,0.00868,0.02604,0.00868,0.02604,0.00868,0.02604,0.00868
run_06_batch_16,batch,16,6,3714.91,1.17282,1.30601,0.02056,0.77109,0.69981,0.79928,0.64387,0.8568,0.92063,0.01941,0.02505,0.00835,0.02505,0.00835,0.02505,0.00835,0.02505,0.00835
run_06_batch_16,batch,16,7,4111.67,1.15042,1.22833,0.02006,0.75303,0.69192,0.80043,0.64526,0.83479,0.92676,0.01952,0.02406,0.00802,0.02406,0.00802,0.02406,0.00802,0.02406,0.00802
run_06_batch_16,batch,16,8,4523.05,1.12125,1.15626,0.0194,0.78193,0.75289,0.82112,0.68136,0.76251,0.85053,0.01725,0.02307,0.00769,0.02307,0.00769,0.02307,0.00769,0.02307,0.00769
run_06_batch_16,batch,16,9,4933.8,1.10894,1.10962,0.01925,0.8087,0.74355,0.83819,0.68618,0.7897,0.82771,0.01802,0.02208,0.00736,0.02208,0.00736,0.02208,0.00736,0.02208,0.00736
run_06_batch_16,batch,16,10,5339.99,1.09173,1.05903,0.01873,0.78485,0.77484,0.84121,0.695,0.76915,0.82337,0.01734,0.02109,0.00703,0.02109,0.00703,0.02109,0.00703,0.02109,0.00703
run_06_batch_16,batch,16,11,5765.22,1.07248,1.01612,0.01839,0.83162,0.74374,0.83701,0.69106,0.7693,0.78335,0.01739,0.0201,0.0067,0.0201,0.0067,0.0201,0.0067,0.0201,0.0067
run_06_batch_16,batch,16,12,7130.35,1.05708,0.98537,0.01809,0.80938,0.78399,0.85408,0.70795,0.76435,0.74116,0.01739,0.01911,0.00637,0.01911,0.00637,0.01911,0.00637,0.01911,0.00637
run_06_batch_16,batch,16,13,7521.07,1.03905,0.96313,0.01784,0.76858,0.79973,0.84756,0.7011,0.78788,0.79858,0.01804,0.01812,0.00604,0.01812,0.00604,0.01812,0.00604,0.01812,0.00604
run_06_batch_16,batch,16,14,7916.67,1.02523,0.91915,0.01756,0.84587,0.79751,0.84882,0.71029,0.75432,0.73635,0.01693,0.01713,0.00571,0.01713,0.00571,0.01713,0.00571,0.01713,0.00571
run_06_batch_16,batch,16,15,8478.08,1.00725,0.9183,0.01715,0.86213,0.75838,0.84,0.69794,0.73873,0.82133,0.01643,0.01614,0.00538,0.01614,0.00538,0.01614,0.00538,0.01614,0.00538
run_06_batch_16,batch,16,16,9167.12,0.99774,0.89108,0.01699,0.78391,0.76847,0.83779,0.69474,0.77012,0.84303,0.01742,0.01515,0.00505,0.01515,0.00505,0.01515,0.00505,0.01515,0.00505
run_06_batch_16,batch,16,17,9856.64,0.9813,0.86248,0.01661,0.85162,0.78227,0.87612,0.73172,0.73415,0.69336,0.01647,0.01416,0.00472,0.01416,0.00472,0.01416,0.00472,0.01416,0.00472
run_06_batch_16,batch,16,18,10546.0,0.96683,0.83722,0.01639,0.84172,0.77337,0.84524,0.7007,0.76557,0.8426,0.01729,0.01317,0.00439,0.01317,0.00439,0.01317,0.00439,0.01317,0.00439
run_06_batch_16,batch,16,19,11234.5,0.95843,0.8087,0.01625,0.81803,0.79969,0.84382,0.70105,0.74877,0.80324,0.01675,0.01218,0.00406,0.01218,0.00406,0.01218,0.00406,0.01218,0.00406
run_06_batch_16,batch,16,20,11924.5,0.94303,0.7978,0.01596,0.77668,0.80496,0.84128,0.7043,0.74673,0.82178,0.01677,0.01119,0.00373,0.01119,0.00373,0.01119,0.00373,0.01119,0.00373
run_06_batch_16,batch,16,21,12564.7,0.78214,0.37001,0.01906,0.77224,0.81361,0.84504,0.69969,0.7686,0.84718,0.01743,0.0102,0.0034,0.0102,0.0034,0.0102,0.0034,0.0102,0.0034
run_06_batch_16,batch,16,22,13206.4,0.76096,0.36678,0.01848,0.76802,0.79666,0.84867,0.70445,0.75278,0.82482,0.01683,0.00921,0.00307,0.00921,0.00307,0.00921,0.00307,0.00921,0.00307
run_06_batch_16,batch,16,23,13692.5,0.74416,0.33484,0.01799,0.85483,0.73507,0.8453,0.70628,0.76049,0.84159,0.01696,0.00822,0.00274,0.00822,0.00274,0.00822,0.00274,0.00822,0.00274
run_06_batch_16,batch,16,24,14334.0,0.724,0.32061,0.01742,0.86056,0.76317,0.85369,0.71069,0.74464,0.78961,0.01646,0.00723,0.00241,0.00723,0.00241,0.00723,0.00241,0.00723,0.00241
run_06_batch_16,batch,16,25,14904.5,0.70972,0.31058,0.01705,0.83464,0.75919,0.84528,0.71204,0.72974,0.85081,0.01626,0.00624,0.00208,0.00624,0.00208,0.00624,0.00208,0.00624,0.00208
run_06_batch_16,batch,16,26,15545.1,0.68776,0.3111,0.01649,0.88162,0.75113,0.84664,0.70947,0.72623,0.8432,0.01612,0.00525,0.00175,0.00525,0.00175,0.00525,0.00175,0.00525,0.00175
run_06_batch_16,batch,16,27,16184.8,0.67677,0.31038,0.01625,0.87576,0.74855,0.85923,0.71969,0.73254,0.82466,0.01629,0.00426,0.00142,0.00426,0.00142,0.00426,0.00142,0.00426,0.00142
run_07_lr0_0.001,lr0,0.001,1,1265.22,1.16478,3.52275,0.02082,0.59956,0.6096,0.69653,0.5571,0.84389,1.36959,0.01983,0.00999692,0.00333231,0.00999692,0.00333231,0.00999692,0.00333231,0.00999692,0.00333231
run_07_lr0_0.001,lr0,0.001,2,2243.57,1.18986,1.72004,0.02133,0.68225,0.67865,0.73226,0.58357,0.83039,1.30084,0.01917,0.019337,0.00644567,0.019337,0.00644567,0.019337,0.00644567,0.019337,0.00644567
run_07_lr0_0.001,lr0,0.001,3,3154.48,1.25754,1.66033,0.02261,0.56,0.64266,0.64848,0.49676,0.94605,1.56499,0.02281,0.0280171,0.00933904,0.0280171,0.00933904,0.0280171,0.00933904,0.0280171,0.00933904
run_07_lr0_0.001,lr0,0.001,4,4047.14,1.28915,1.6437,0.023,0.71298,0.64338,0.72609,0.56856,0.88288,1.23389,0.02129,0.02703,0.00901,0.02703,0.00901,0.02703,0.00901,0.02703,0.00901
run_07_lr0_0.001,lr0,0.001,5,4941.02,1.24052,1.44909,0.02191,0.78077,0.70423,0.80128,0.6474,0.81007,0.92851,0.01869,0.02604,0.00868,0.02604,0.00868,0.02604,0.00868,0.02604,0.00868
run_07_lr0_0.001,lr0,0.001,6,5832.89,1.20031,1.33332,0.02121,0.71277,0.71978,0.78258,0.63351,0.79382,0.97041,0.01832,0.02505,0.00835,0.02505,0.00835,0.02505,0.00835,0.02505,0.00835
run_07_lr0_0.001,lr0,0.001,7,6727.65,1.16958,1.25347,0.02053,0.8509,0.67012,0.80832,0.63904,0.86183,0.9148,0.02055,0.02406,0.00802,0.02406,0.00802,0.02406,0.00802,0.02406,0.00802
run_07_lr0_0.001,lr0,0.001,8,7657.44,1.14573,1.1791,0.01996,0.76284,0.77667,0.83436,0.67939,0.82141,0.82863,0.01935,0.02307,0.00769,0.02307,0.00769,0.02307,0.00769,0.02307,0.00769
run_07_lr0_0.001,lr0,0.001,9,8552.24,1.12568,1.14171,0.0196,0.76842,0.73404,0.82555,0.68025,0.77614,0.87202,0.01816,0.02208,0.00736,0.02208,0.00736,0.02208,0.00736,0.02208,0.00736
run_07_lr0_0.001,lr0,0.001,10,9443.12,1.10451,1.09618,0.01919,0.77154,0.7891,0.8419,0.69333,0.78843,0.78475,0.01839,0.02109,0.00703,0.02109,0.00703,0.02109,0.00703,0.02109,0.00703
run_07_lr0_0.001,lr0,0.001,11,10338.2,1.08603,1.04912,0.01889,0.83324,0.74034,0.83133,0.68291,0.78985,0.83934,0.01861,0.0201,0.0067,0.0201,0.0067,0.0201,0.0067,0.0201,0.0067
run_07_lr0_0.001,lr0,0.001,12,11231.8,1.07187,1.01642,0.0186,0.79094,0.7669,0.83605,0.69082,0.77203,0.79798,0.01812,0.01911,0.00637,0.01911,0.00637,0.01911,0.00637,0.01911,0.00637
run_07_lr0_0.001,lr0,0.001,13,12126.6,1.0561,0.98398,0.01828,0.84309,0.77704,0.85262,0.71092,0.73184,0.75988,0.01685,0.01812,0.00604,0.01812,0.00604,0.01812,0.00604,0.01812,0.00604
run_07_lr0_0.001,lr0,0.001,14,13017.7,1.04634,0.94316,0.01818,0.82074,0.81855,0.88929,0.73802,0.70665,0.65057,0.01604,0.01713,0.00571,0.01713,0.00571,0.01713,0.00571,0.01713,0.00571
run_07_lr0_0.001,lr0,0.001,15,13912.2,1.02732,0.92684,0.01782,0.86372,0.74634,0.86808,0.72453,0.73206,0.74254,0.01667,0.01614,0.00538,0.01614,0.00538,0.01614,0.00538,0.01614,0.00538
run_07_lr0_0.001,lr0,0.001,16,14805.5,1.01789,0.9089,0.01753,0.87038,0.78952,0.87107,0.73094,0.72093,0.71252,0.01662,0.01515,0.00505,0.01515,0.00505,0.01515,0.00505,0.01515,0.00505
run_07_lr0_0.001,lr0,0.001,17,15701.2,0.99895,0.87556,0.01706,0.7991,0.81764,0.86273,0.72304,0.71908,0.75051,0.01633,0.01416,0.00472,0.01416,0.00472,0.01416,0.00472,0.01416,0.00472
run_07_lr0_0.001,lr0,0.001,18,16592.3,0.9845,0.85356,0.01687,0.81644,0.8033,0.85884,0.70949,0.76134,0.74762,0.01746,0.01317,0.00439,0.01317,0.00439,0.01317,0.00439,0.01317,0.00439
run_07_lr0_0.001,lr0,0.001,19,17486.5,0.96726,0.82659,0.01652,0.77268,0.85319,0.87605,0.73018,0.72547,0.6768,0.01661,0.01218,0.00406,0.01218,0.00406,0.01218,0.00406,0.01218,0.00406
run_07_lr0_0.001,lr0,0.001,20,18380.2,0.95564,0.80924,0.0163,0.84949,0.80585,0.8725,0.72938,0.71323,0.70769,0.01612,0.01119,0.00373,0.01119,0.00373,0.01119,0.00373,0.01119,0.00373
run_07_lr0_0.001,lr0,0.001,21,19227.2,0.80295,0.37321,0.01956,0.82633,0.78476,0.86954,0.72128,0.73964,0.73378,0.01688,0.0102,0.0034,0.0102,0.0034,0.0102,0.0034,0.0102,0.0034
run_07_lr0_0.001,lr0,0.001,22,20074.3,0.78335,0.35406,0.01902,0.91385,0.72938,0.86271,0.70469,0.76429,0.7259,0.01763,0.00921,0.00307,0.00921,0.00307,0.00921,0.00307,0.00921,0.00307
run_07_lr0_0.001,lr0,0.001,23,20920.3,0.76106,0.34101,0.01843,0.87873,0.78382,0.86449,0.70957,0.77081,0.7271,0.01767,0.00822,0.00274,0.00822,0.00274,0.00822,0.00274,0.00822,0.00274
run_07_lr0_0.001,lr0,0.001,24,21801.0,0.73978,0.33428,0.01782,0.8001,0.79949,0.84745,0.70043,0.76395,0.82816,0.01751,0.00723,0.00241,0.00723,0.00241,0.00723,0.00241,0.00723,0.00241
run_08_lr0_0.005,lr0,0.005,1,1240.94,1.16478,3.52275,0.02082,0.59956,0.6096,0.69653,0.5571,0.84389,1.36959,0.01983,0.00999692,0.00333231,0.00999692,0.00333231,0.00999692,0.00333231,0.00999692,0.00333231
run_08_lr0_0.005,lr0,0.005,2,2221.35,1.18986,1.72004,0.02133,0.68225,0.67865,0.73226,0.58357,0.83039,1.30084,0.01917,0.019337,0.00644567,0.019337,0.00644567,0.019337,0.00644567,0.019337,0.00644567
run_08_lr0_0.005,lr0,0.005,3,3133.6,1.25754,1.66033,0.02261,0.56,0.64266,0.64848,0.49676,0.94605,1.56499,0.02281,0.0280171,0.00933904,0.0280171,0.00933904,0.0280171,0.00933904,0.0280171,0.00933904
run_08_lr0_0.005,lr0,0.005,4,4029.39,1.28915,1.6437,0.023,0.71298,0.64338,0.72609,0.56856,0.88288,1.23389,0.02129,0.02703,0.00901,0.02703,0.00901,0.02703,0.00901,0.02703,0.00901
run_08_lr0_0.005,lr0,0.005,5,4923.91,1.24052,1.44909,0.02191,0.78077,0.70423,0.80128,0.6474,0.81007,0.92851,0.01869,0.02604,0.00868,0.02604,0.00868,0.02604,0.00868,0.02604,0.00868
run_08_lr0_0.005,lr0,0.005,6,5817.04,1.20031,1.33332,0.02121,0.71277,0.71978,0.78258,0.63351,0.79382,0.97041,0.01832,0.02505,0.00835,0.02505,0.00835,0.02505,0.00835,0.02505,0.00835
run_08_lr0_0.005,lr0,0.005,7,6712.12,1.16958,1.25347,0.02053,0.8509,0.67012,0.80832,0.63904,0.86183,0.9148,0.02055,0.02406,0.00802,0.02406,0.00802,0.02406,0.00802,0.02406,0.00802
run_08_lr0_0.005,lr0,0.005,8,7607.7,1.14573,1.1791,0.01996,0.76284,0.77667,0.83436,0.67939,0.82141,0.82863,0.01935,0.02307,0.00769,0.02307,0.00769,0.02307,0.00769,0.02307,0.00769
run_08_lr0_0.005,lr0,0.005,9,8500.07,1.12568,1.14171,0.0196,0.76842,0.73404,0.82555,0.68025,0.77614,0.87202,0.01816,0.02208,0.00736,0.02208,0.00736,0.02208,0.00736,0.02208,0.00736
run_08_lr0_0.005,lr0,0.005,10,9395.21,1.10451,1.09618,0.01919,0.77154,0.7891,0.8419,0.69333,0.78843,0.78475,0.01839,0.02109,0.00703,0.02109,0.00703,0.02109,0.00703,0.02109,0.00703
run_08_lr0_0.005,lr0,0.005,11,10285.9,1.08603,1.04912,0.01889,0.83324,0.74034,0.83133,0.68291,0.78985,0.83934,0.01861,0.0201,0.0067,0.0201,0.0067,0.0201,0.0067,0.0201,0.0067
run_08_lr0_0.005,lr0,0.005,12,11181.1,1.07187,1.01642,0.0186,0.79094,0.7669,0.83605,0.69082,0.77203,0.79798,0.01812,0.01911,0.00637,0.01911,0.00637,0.01911,0.00637,0.01911,0.00637
run_08_lr0_0.005,lr0,0.005,13,12075.4,1.0561,0.98398,0.01828,0.84309,0.77704,0.85262,0.71092,0.73184,0.75988,0.01685,0.01812,0.00604,0.01812,0.00604,0.01812,0.00604,0.01812,0.00604
run_08_lr0_0.005,lr0,0.005,14,12969.9,1.04634,0.94316,0.01818,0.82074,0.81855,0.88929,0.73802,0.70665,0.65057,0.01604,0.01713,0.00571,0.01713,0.00571,0.01713,0.00571,0.01713,0.00571
run_08_lr0_0.005,lr0,0.005,15,13861.9,1.02732,0.92684,0.01782,0.86372,0.74634,0.86808,0.72453,0.73206,0.74254,0.01667,0.01614,0.00538,0.01614,0.00538,0.01614,0.00538,0.01614,0.00538
run_08_lr0_0.005,lr0,0.005,16,14755.2,1.01789,0.9089,0.01753,0.87038,0.78952,0.87107,0.73094,0.72093,0.71252,0.01662,0.01515,0.00505,0.01515,0.00505,0.01515,0.00505,0.01515,0.00505
run_08_lr0_0.005,lr0,0.005,17,15651.1,0.99895,0.87556,0.01706,0.7991,0.81764,0.86273,0.72304,0.71908,0.75051,0.01633,0.01416,0.00472,0.01416,0.00472,0.01416,0.00472,0.01416,0.00472
run_08_lr0_0.005,lr0,0.005,18,16543.6,0.9845,0.85356,0.01687,0.81644,0.8033,0.85884,0.70949,0.76134,0.74762,0.01746,0.01317,0.00439,0.01317,0.00439,0.01317,0.00439,0.01317,0.00439
run_08_lr0_0.005,lr0,0.005,19,17435.7,0.96726,0.82659,0.01652,0.77268,0.85319,0.87605,0.73018,0.72547,0.6768,0.01661,0.01218,0.00406,0.01218,0.00406,0.01218,0.00406,0.01218,0.00406
run_08_lr0_0.005,lr0,0.005,20,18329.1,0.95564,0.80924,0.0163,0.84949,0.80585,0.8725,0.72938,0.71323,0.70769,0.01612,0.01119,0.00373,0.01119,0.00373,0.01119,0.00373,0.01119,0.00373
run_08_lr0_0.005,lr0,0.005,21,19178.3,0.80295,0.37321,0.01956,0.82633,0.78476,0.86954,0.72128,0.73964,0.73378,0.01688,0.0102,0.0034,0.0102,0.0034,0.0102,0.0034,0.0102,0.0034
run_08_lr0_0.005,lr0,0.005,22,20024.7,0.78335,0.35406,0.01902,0.91385,0.72938,0.86271,0.70469,0.76429,0.7259,0.01763,0.00921,0.00307,0.00921,0.00307,0.00921,0.00307,0.00921,0.00307
run_08_lr0_0.005,lr0,0.005,23,20870.5,0.76106,0.34101,0.01843,0.87873,0.78382,0.86449,0.70957,0.77081,0.7271,0.01767,0.00822,0.00274,0.00822,0.00274,0.00822,0.00274,0.00822,0.00274
run_08_lr0_0.005,lr0,0.005,24,21716.9,0.73978,0.33428,0.01782,0.8001,0.79949,0.84745,0.70043,0.76395,0.82816,0.01751,0.00723,0.00241,0.00723,0.00241,0.00723,0.00241,0.00723,0.00241
run_09_lr0_0.02,lr0,0.02,1,1242.82,1.16478,3.52275,0.02082,0.59956,0.6096,0.69653,0.5571,0.84389,1.36959,0.01983,0.00999692,0.00333231,0.00999692,0.00333231,0.00999692,0.00333231,0.00999692,0.00333231
run_09_lr0_0.02,lr0,0.02,2,2222.81,1.18986,1.72004,0.02133,0.68225,0.67865,0.73226,0.58357,0.83039,1.30084,0.01917,0.019337,0.00644567,0.019337,0.00644567,0.019337,0.00644567,0.019337,0.00644567
run_09_lr0_0.02,lr0,0.02,3,3067.0,1.25754,1.66033,0.02261,0.56,0.64266,0.64848,0.49676,0.94605,1.56499,0.02281,0.0280171,0.00933904,0.0280171,0.00933904,0.0280171,0.00933904,0.0280171,0.00933904
run_09_lr0_0.02,lr0,0.02,4,3658.07,1.28915,1.6437,0.023,0.71298,0.64338,0.72609,0.56856,0.88288,1.23389,0.02129,0.02703,0.00901,0.02703,0.00901,0.02703,0.00901,0.02703,0.00901
run_09_lr0_0.02,lr0,0.02,5,4496.81,1.24052,1.44909,0.02191,0.78077,0.70423,0.80128,0.6474,0.81007,0.92851,0.01869,0.02604,0.00868,0.02604,0.00868,0.02604,0.00868,0.02604,0.00868
run_09_lr0_0.02,lr0,0.02,6,5389.1,1.20031,1.33332,0.02121,0.71277,0.71978,0.78258,0.63351,0.79382,0.97041,0.01832,0.02505,0.00835,0.02505,0.00835,0.02505,0.00835,0.02505,0.00835
run_09_lr0_0.02,lr0,0.02,7,6282.16,1.16958,1.25347,0.02053,0.8509,0.67012,0.80832,0.63904,0.86183,0.9148,0.02055,0.02406,0.00802,0.02406,0.00802,0.02406,0.00802,0.02406,0.00802
run_09_lr0_0.02,lr0,0.02,8,7175.36,1.14573,1.1791,0.01996,0.76284,0.77667,0.83436,0.67939,0.82141,0.82863,0.01935,0.02307,0.00769,0.02307,0.00769,0.02307,0.00769,0.02307,0.00769
run_09_lr0_0.02,lr0,0.02,9,8071.22,1.12568,1.14171,0.0196,0.76842,0.73404,0.82555,0.68025,0.77614,0.87202,0.01816,0.02208,0.00736,0.02208,0.00736,0.02208,0.00736,0.02208,0.00736
run_09_lr0_0.02,lr0,0.02,10,8934.65,1.10451,1.09618,0.01919,0.77154,0.7891,0.8419,0.69333,0.78843,0.78475,0.01839,0.02109,0.00703,0.02109,0.00703,0.02109,0.00703,0.02109,0.00703
run_09_lr0_0.02,lr0,0.02,11,9872.3,1.08603,1.04912,0.01889,0.83324,0.74034,0.83133,0.68291,0.78985,0.83934,0.01861,0.0201,0.0067,0.0201,0.0067,0.0201,0.0067,0.0201,0.0067
run_09_lr0_0.02,lr0,0.02,12,10798.4,1.07187,1.01642,0.0186,0.79094,0.7669,0.83605,0.69082,0.77203,0.79798,0.01812,0.01911,0.00637,0.01911,0.00637,0.01911,0.00637,0.01911,0.00637
run_09_lr0_0.02,lr0,0.02,13,11700.3,1.0561,0.98398,0.01828,0.84309,0.77704,0.85262,0.71092,0.73184,0.75988,0.01685,0.01812,0.00604,0.01812,0.00604,0.01812,0.00604,0.01812,0.00604
run_09_lr0_0.02,lr0,0.02,14,12405.4,1.04634,0.94316,0.01818,0.82074,0.81855,0.88929,0.73802,0.70665,0.65057,0.01604,0.01713,0.00571,0.01713,0.00571,0.01713,0.00571,0.01713,0.00571
run_09_lr0_0.02,lr0,0.02,15,13052.6,1.02732,0.92684,0.01782,0.86372,0.74634,0.86808,0.72453,0.73206,0.74254,0.01667,0.01614,0.00538,0.01614,0.00538,0.01614,0.00538,0.01614,0.00538
run_09_lr0_0.02,lr0,0.02,16,13551.2,1.01789,0.9089,0.01753,0.87038,0.78952,0.87107,0.73094,0.72093,0.71252,0.01662,0.01515,0.00505,0.01515,0.00505,0.01515,0.00505,0.01515,0.00505
run_09_lr0_0.02,lr0,0.02,17,14048.9,0.99895,0.87556,0.01706,0.7991,0.81764,0.86273,0.72304,0.71908,0.75051,0.01633,0.01416,0.00472,0.01416,0.00472,0.01416,0.00472,0.01416,0.00472
run_09_lr0_0.02,lr0,0.02,18,14545.4,0.9845,0.85356,0.01687,0.81644,0.8033,0.85884,0.70949,0.76134,0.74762,0.01746,0.01317,0.00439,0.01317,0.00439,0.01317,0.00439,0.01317,0.00439
run_09_lr0_0.02,lr0,0.02,19,15293.8,0.96726,0.82659,0.01652,0.77268,0.85319,0.87605,0.73018,0.72547,0.6768,0.01661,0.01218,0.00406,0.01218,0.00406,0.01218,0.00406,0.01218,0.00406
run_09_lr0_0.02,lr0,0.02,20,16226.8,0.95564,0.80924,0.0163,0.84949,0.80585,0.8725,0.72938,0.71323,0.70769,0.01612,0.01119,0.00373,0.01119,0.00373,0.01119,0.00373,0.01119,0.00373
run_09_lr0_0.02,lr0,0.02,21,17108.5,0.80295,0.37321,0.01956,0.82633,0.78476,0.86954,0.72128,0.73964,0.73378,0.01688,0.0102,0.0034,0.0102,0.0034,0.0102,0.0034,0.0102,0.0034
run_09_lr0_0.02,lr0,0.02,22,17971.6,0.78335,0.35406,0.01902,0.91385,0.72938,0.86271,0.70469,0.76429,0.7259,0.01763,0.00921,0.00307,0.00921,0.00307,0.00921,0.00307,0.00921,0.00307
run_09_lr0_0.02,lr0,0.02,23,18837.2,0.76106,0.34101,0.01843,0.87873,0.78382,0.86449,0.70957,0.77081,0.7271,0.01767,0.00822,0.00274,0.00822,0.00274,0.00822,0.00274,0.00822,0.00274
run_09_lr0_0.02,lr0,0.02,24,19702.3,0.73978,0.33428,0.01782,0.8001,0.79949,0.84745,0.70043,0.76395,0.82816,0.01751,0.00723,0.00241,0.00723,0.00241,0.00723,0.00241,0.00723,0.00241
run_10_optimizer_SGD,optimizer,SGD,1,893.502,1.14812,4.14936,0.02036,0.45149,0.57146,0.53768,0.42817,0.84303,1.67743,0.01978,0.00333231,0.00333231,0.0700092,,,,,
run_10_optimizer_SGD,optimizer,SGD,2,1770.28,1.16535,1.98113,0.02079,0.67543,0.54429,0.68169,0.54429,0.84733,1.43911,0.01979,0.00644567,0.00644567,0.0397893,,,,,
run_10_optimizer_SGD,optimizer,SGD,3,2609.46,1.2198,1.79111,0.02187,0.63922,0.63663,0.72525,0.55042,0.95818,1.3051,0.02302,0.00933904,0.00933904,0.0093493,,,,,
run_10_optimizer_SGD,optimizer,SGD,4,3435.98,1.26559,1.6686,0.02265,0.63527,0.64883,0.70429,0.53466,0.97476,1.25579,0.02365,0.00901,0.00901,0.00901,,,,,
run_10_optimizer_SGD,optimizer,SGD,5,4269.99,1.21938,1.49095,0.02158,0.70049,0.72425,0.78316,0.63004,0.8264,1.00619,0.01947,0.00868,0.00868,0.00868,,,,,
run_10_optimizer_SGD,optimizer,SGD,6,5097.85,1.1849,1.38997,0.02094,0.73906,0.70665,0.76087,0.61477,0.81936,0.99891,0.01947,0.00835,0.00835,0.00835,,,,,
run_10_optimizer_SGD,optimizer,SGD,7,5923.13,1.15709,1.3133,0.02041,0.76944,0.68864,0.79451,0.62693,0.87549,1.01669,0.02155,0.00802,0.00802,0.00802,,,,,
run_10_optimizer_SGD,optimizer,SGD,8,6749.94,1.1425,1.24029,0.01993,0.86501,0.73512,0.82752,0.67238,0.79352,0.80805,0.0186,0.00769,0.00769,0.00769,,,,,
run_10_optimizer_SGD,optimizer,SGD,9,7605.9,1.11922,1.21002,0.01945,0.82766,0.74451,0.81254,0.65821,0.82754,0.88901,0.01936,0.00736,0.00736,0.00736,,,,,
run_10_optimizer_SGD,optimizer,SGD,10,8433.99,1.106,1.15978,0.0193,0.82071,0.69659,0.8037,0.66131,0.80425,0.91412,0.01901,0.00703,0.00703,0.00703,,,,,
run_10_optimizer_SGD,optimizer,SGD,11,9260.05,1.09031,1.1148,0.01903,0.84721,0.75969,0.83753,0.70034,0.73767,0.81017,0.01707,0.0067,0.0067,0.0067,,,,,
run_10_optimizer_SGD,optimizer,SGD,12,9812.72,1.0688,1.09358,0.01855,0.82999,0.76992,0.84879,0.70701,0.75261,0.78984,0.01738,0.00637,0.00637,0.00637,,,,,
run_10_optimizer_SGD,optimizer,SGD,13,10547.6,1.0548,1.04202,0.01829,0.84326,0.75019,0.82289,0.68909,0.74817,0.87851,0.01724,0.00604,0.00604,0.00604,,,,,
run_10_optimizer_SGD,optimizer,SGD,14,11372.5,1.04171,1.00939,0.01811,0.86377,0.77534,0.85633,0.71196,0.73966,0.7837,0.01688,0.00571,0.00571,0.00571,,,,,
run_10_optimizer_SGD,optimizer,SGD,15,12195.3,1.02759,0.97253,0.01785,0.81131,0.77232,0.84354,0.70208,0.73867,0.83198,0.01693,0.00538,0.00538,0.00538,,,,,
run_10_optimizer_SGD,optimizer,SGD,16,13012.5,1.01988,0.97017,0.01759,0.89377,0.73887,0.84978,0.70988,0.71906,0.81156,0.01651,0.00505,0.00505,0.00505,,,,,
run_10_optimizer_SGD,optimizer,SGD,17,13686.2,0.99685,0.92711,0.01708,0.88974,0.72747,0.85147,0.71144,0.72487,0.84481,0.01655,0.00472,0.00472,0.00472,,,,,
run_10_optimizer_SGD,optimizer,SGD,18,14517.5,0.98839,0.90968,0.01693,0.88445,0.73653,0.84405,0.70878,0.71276,0.85615,0.01627,0.00439,0.00439,0.00439,,,,,
run_10_optimizer_SGD,optimizer,SGD,19,15381.5,0.97771,0.86967,0.01675,0.88256,0.7452,0.868,0.72759,0.72347,0.77556,0.01645,0.00406,0.00406,0.00406,,,,,
run_10_optimizer_SGD,optimizer,SGD,20,16248.8,0.96347,0.85192,0.01649,0.82989,0.78618,0.86203,0.72267,0.72226,0.77408,0.0165,0.00373,0.00373,0.00373,,,,,
run_10_optimizer_SGD,optimizer,SGD,21,17062.4,0.80134,0.40047,0.01949,0.79783,0.78206,0.84016,0.71381,0.69376,0.84763,0.01579,0.0034,0.0034,0.0034,,,,,
run_10_optimizer_SGD,optimizer,SGD,22,17827.2,0.7892,0.37757,0.01918,0.87402,0.73294,0.8423,0.70842,0.69609,0.82544,0.01593,0.00307,0.00307,0.00307,,,,,
run_10_optimizer_SGD,optimizer,SGD,23,18626.8,0.77426,0.35901,0.01874,0.81389,0.78412,0.84694,0.70845,0.70845,0.81191,0.0162,0.00274,0.00274,0.00274,,,,,
run_10_optimizer_SGD,optimizer,SGD,24,19421.4,0.75363,0.34528,0.01818,0.80022,0.80928,0.85147,0.71601,0.71513,0.80497,0.01632,0.00241,0.00241,0.00241,,,,,
run_10_optimizer_SGD,optimizer,SGD,25,20209.8,0.73457,0.33605,0.0177,0.81943,0.80056,0.85215,0.71894,0.7102,0.80224,0.01621,0.00208,0.00208,0.00208,,,,,
run_10_optimizer_SGD,optimizer,SGD,26,21007.9,0.71414,0.3278,0.01714,0.82522,0.79648,0.85184,0.71187,0.71817,0.81665,0.01629,0.00175,0.00175,0.00175,,,,,
run_10_optimizer_SGD,optimizer,SGD,27,21768.3,0.70251,0.31298,0.01685,0.85539,0.77904,0.84923,0.71339,0.72503,0.81515,0.01653,0.00142,0.00142,0.00142,,,,,
run_10_optimizer_SGD,optimizer,SGD,28,22501.5,0.68773,0.30453,0.01644,0.84626,0.78244,0.84724,0.71066,0.73006,0.82935,0.01665,0.00109,0.00109,0.00109,,,,,
run_10_optimizer_SGD,optimizer,SGD,29,23292.5,0.67793,0.29721,0.01616,0.81663,0.80999,0.85349,0.71392,0.7276,0.8349,0.01659,0.00076,0.00076,0.00076,,,,,
run_11_optimizer_Adam,optimizer,Adam,1,925.3,1.72886,3.25687,0.03222,0.33823,0.2492,0.24413,0.15033,2.04815,3.41898,0.06133,0.00333231,0.00333231,0.0700092,,,,,
run_11_optimizer_Adam,optimizer,Adam,2,1753.52,1.6419,2.66913,0.03067,0.39704,0.41201,0.41477,0.28105,1.29293,2.07561,0.03252,0.00644567,0.00644567,0.0397893,,,,,
run_11_optimizer_Adam,optimizer,Adam,3,2610.31,1.56857,2.47237,0.02913,0.38672,0.61471,0.51195,0.34856,1.23254,1.62629,0.03121,0.00933904,0.00933904,0.0093493,,,,,
run_11_optimizer_Adam,optimizer,Adam,4,3461.68,1.53362,2.35847,0.02831,0.42649,0.6067,0.58432,0.40565,1.1794,1.69945,0.02795,0.00901,0.00901,0.00901,,,,,
run_11_optimizer_Adam,optimizer,Adam,5,4315.5,1.52136,2.241,0.02795,0.57363,0.55241,0.58786,0.43225,1.12046,1.54671,0.02767,0.00868,0.00868,0.00868,,,,,
run_11_optimizer_Adam,optimizer,Adam,6,5166.69,1.48754,2.1593,0.02736,0.57232,0.62066,0.62583,0.45209,1.09356,1.40374,0.02622,0.00835,0.00835,0.00835,,,,,
run_11_optimizer_Adam,optimizer,Adam,7,6009.22,1.46121,2.10529,0.02696,0.60571,0.60458,0.64257,0.47633,1.05456,1.37205,0.02567,0.00802,0.00802,0.00802,,,,,
run_11_optimizer_Adam,optimizer,Adam,8,6821.34,1.44959,2.03873,0.02647,0.59211,0.63358,0.67416,0.50522,1.01239,1.25812,0.02406,0.00769,0.00769,0.00769,,,,,
run_11_optimizer_Adam,optimizer,Adam,9,7638.01,1.43014,1.9878,0.02622,0.57607,0.59037,0.64354,0.47172,1.04384,1.29702,0.02472,0.00736,0.00736,0.00736,,,,,
run_11_optimizer_Adam,optimizer,Adam,10,8453.22,1.4121,1.96449,0.02586,0.54393,0.65303,0.6633,0.49648,0.98894,1.24209,0.02396,0.00703,0.00703,0.00703,,,,,
run_11_optimizer_Adam,optimizer,Adam,11,9069.51,1.41143,1.89638,0.02593,0.66277,0.59938,0.69554,0.53174,1.0076,1.13895,0.02408,0.0067,0.0067,0.0067,,,,,
run_11_optimizer_Adam,optimizer,Adam,12,9890.39,1.38714,1.87676,0.02543,0.69,0.64999,0.73825,0.56445,0.95206,1.11498,0.02219,0.00637,0.00637,0.00637,,,,,
run_11_optimizer_Adam,optimizer,Adam,13,10711.5,1.36849,1.85005,0.02501,0.70077,0.6418,0.73674,0.56675,0.95621,1.08506,0.0226,0.00604,0.00604,0.00604,,,,,
run_11_optimizer_Adam,optimizer,Adam,14,11534.9,1.36538,1.81058,0.02503,0.6574,0.69535,0.73365,0.57159,0.93276,1.08485,0.02178,0.00571,0.00571,0.00571,,,,,
run_11_optimizer_Adam,optimizer,Adam,15,12359.1,1.3422,1.77965,0.02464,0.74851,0.62715,0.73521,0.57317,0.91637,1.05436,0.0214,0.00538,0.00538,0.00538,,,,,
run_11_optimizer_Adam,optimizer,Adam,16,13183.8,1.33362,1.77925,0.02429,0.78334,0.64502,0.76274,0.59137,0.9192,1.02025,0.02133,0.00505,0.00505,0.00505,,,,,
run_11_optimizer_Adam,optimizer,Adam,17,14006.0,1.31443,1.7261,0.02384,0.74025,0.64975,0.76497,0.59681,0.91059,1.04792,0.02139,0.00472,0.00472,0.00472,,,,,
run_11_optimizer_Adam,optimizer,Adam,18,14828.5,1.30791,1.70402,0.0238,0.72055,0.71207,0.78748,0.61345,0.91401,1.00496,0.02127,0.00439,0.00439,0.00439,,,,,
run_11_optimizer_Adam,optimizer,Adam,19,15649.7,1.29394,1.67648,0.02355,0.74783,0.69696,0.77171,0.60574,0.89384,0.9889,0.02096,0.00406,0.00406,0.00406,,,,,
run_11_optimizer_Adam,optimizer,Adam,20,16470.3,1.27748,1.64368,0.02323,0.77614,0.69016,0.77791,0.62015,0.85349,0.95704,0.01981,0.00373,0.00373,0.00373,,,,,
run_11_optimizer_Adam,optimizer,Adam,21,17245.2,1.15915,0.96249,0.02978,0.76384,0.67466,0.78529,0.63694,0.83941,0.91852,0.01952,0.0034,0.0034,0.0034,,,,,
run_11_optimizer_Adam,optimizer,Adam,22,18018.6,1.11469,0.87994,0.02839,0.76783,0.73091,0.81047,0.65524,0.8341,0.88227,0.01926,0.00307,0.00307,0.00307,,,,,
run_11_optimizer_Adam,optimizer,Adam,23,18792.6,1.09183,0.8358,0.02772,0.81894,0.71811,0.80683,0.65472,0.83344,0.89314,0.01921,0.00274,0.00274,0.00274,,,,,
run_11_optimizer_Adam,optimizer,Adam,24,19566.7,1.0697,0.80244,0.02708,0.80261,0.73188,0.81534,0.66605,0.83873,0.90248,0.01942,0.00241,0.00241,0.00241,,,,,
run_11_optimizer_Adam,optimizer,Adam,25,20340.6,1.04719,0.77704,0.02649,0.7896,0.7664,0.82044,0.66924,0.83228,0.88284,0.01929,0.00208,0.00208,0.00208,,,,,
run_11_optimizer_Adam,optimizer,Adam,26,21115.6,1.02839,0.74498,0.0259,0.76858,0.77605,0.81785,0.66538,0.82883,0.86541,0.01923,0.00175,0.00175,0.00175,,,,,
run_11_optimizer_Adam,optimizer,Adam,27,21890.0,1.00353,0.72335,0.02517,0.80281,0.74943,0.831,0.67552,0.8332,0.84676,0.01927,0.00142,0.00142,0.00142,,,,,
run_11_optimizer_Adam,optimizer,Adam,28,22674.3,0.98126,0.68637,0.02456,0.79345,0.73421,0.82867,0.67519,0.82643,0.84922,0.01918,0.00109,0.00109,0.00109,,,,,
run_11_optimizer_Adam,optimizer,Adam,29,23454.0,0.96215,0.66022,0.02401,0.81217,0.75231,0.8367,0.67853,0.82523,0.83789,0.01921,0.00076,0.00076,0.00076,,,,,
run_11_optimizer_Adam,optimizer,Adam,30,24227.9,0.94118,0.62824,0.02356,0.78919,0.76193,0.83711,0.67858,0.8226,0.8454,0.01923,0.00043,0.00043,0.00043,,,,,
run_12_optimizer_AdamW,optimizer,AdamW,1,893.029,1.71534,3.20029,0.03192,0.43145,0.37857,0.38389,0.26827,1.32692,2.16889,0.03318,0.00333231,0.00333231,0.0700092,,,,,
run_12_optimizer_AdamW,optimizer,AdamW,2,1731.65,1.56652,2.47443,0.02919,0.47726,0.48565,0.5218,0.36992,1.14348,1.8506,0.02772,0.00644567,0.00644567,0.0397893,,,,,
run_12_optimizer_AdamW,optimizer,AdamW,3,2556.07,1.46666,2.15872,0.02703,0.46961,0.59307,0.58727,0.43359,1.07023,1.4625,0.02631,0.00933904,0.00933904,0.0093493,,,,,
run_12_optimizer_AdamW,optimizer,AdamW,4,3377.19,1.39653,1.96806,0.02544,0.48086,0.5607,0.49659,0.37496,1.01682,1533.8,0.02469,0.00901,0.00901,0.00901,,,,,
run_12_optimizer_AdamW,optimizer,AdamW,5,4198.46,1.34464,1.80593,0.02431,0.63649,0.61639,0.69664,0.51876,1.08913,1.23156,0.02658,0.00868,0.00868,0.00868,,,,,
run_12_optimizer_AdamW,optimizer,AdamW,6,5019.19,1.30823,1.70542,0.02368,0.58646,0.67425,0.71208,0.55297,0.90253,1.17516,0.02163,0.00835,0.00835,0.00835,,,,,
run_12_optimizer_AdamW,optimizer,AdamW,7,5841.18,1.28228,1.61536,0.02329,0.72083,0.71404,0.774,0.61414,0.86361,1.0281,0.02055,0.00802,0.00802,0.00802,,,,,
run_12_optimizer_AdamW,optimizer,AdamW,8,6661.25,1.25138,1.55245,0.02243,0.81997,0.6929,0.7746,0.61606,0.87106,0.96856,0.02056,0.00769,0.00769,0.00769,,,,,
run_12_optimizer_AdamW,optimizer,AdamW,9,7481.77,1.23061,1.49565,0.02212,0.73279,0.75342,0.79534,0.64839,0.79229,0.98469,0.01851,0.00736,0.00736,0.00736,,,,,
run_12_optimizer_AdamW,optimizer,AdamW,10,8303.32,1.21785,1.46265,0.02186,0.69723,0.73756,0.79212,0.62187,0.88604,1.0195,0.02083,0.00703,0.00703,0.00703,,,,,
run_12_optimizer_AdamW,optimizer,AdamW,11,9124.68,1.19702,1.40303,0.02152,0.77096,0.71015,0.78059,0.62849,0.8319,0.97004,0.01977,0.0067,0.0067,0.0067,,,,,
run_12_optimizer_AdamW,optimizer,AdamW,12,9944.76,1.17397,1.37609,0.02107,0.7775,0.6994,0.79418,0.6476,0.7968,0.90258,0.01873,0.00637,0.00637,0.00637,,,,,
run_12_optimizer_AdamW,optimizer,AdamW,13,10766.3,1.15315,1.33508,0.02066,0.73524,0.75637,0.81356,0.65164,0.84633,0.91118,0.02012,0.00604,0.00604,0.00604,,,,,
run_12_optimizer_AdamW,optimizer,AdamW,14,11587.5,1.14493,1.29224,0.02054,0.76306,0.75648,0.80535,0.65244,0.82104,0.86961,0.01925,0.00571,0.00571,0.00571,,,,,
run_12_optimizer_AdamW,optimizer,AdamW,15,12408.1,1.13093,1.26152,0.02026,0.80676,0.7318,0.81913,0.66175,0.80406,0.87993,0.01901,0.00538,0.00538,0.00538,,,,,
run_12_optimizer_AdamW,optimizer,AdamW,16,13228.8,1.11641,1.2509,0.0198,0.75821,0.75648,0.81166,0.66206,0.79052,0.88,0.01852,0.00505,0.00505,0.00505,,,,,
run_12_optimizer_AdamW,optimizer,AdamW,17,14050.0,1.10502,1.21703,0.01953,0.85558,0.70653,0.83041,0.68423,0.78398,0.81956,0.01833,0.00472,0.00472,0.00472,,,,,
run_12_optimizer_AdamW,optimizer,AdamW,18,14870.5,1.09102,1.18918,0.01934,0.7702,0.76351,0.81215,0.66301,0.78635,0.87981,0.01826,0.00439,0.00439,0.00439,,,,,
run_12_optimizer_AdamW,optimizer,AdamW,19,15690.8,1.07286,1.1578,0.01902,0.79501,0.76399,0.82286,0.67344,0.78683,0.90346,0.01845,0.00406,0.00406,0.00406,,,,,
run_12_optimizer_AdamW,optimizer,AdamW,20,16513.9,1.06167,1.13772,0.01882,0.81318,0.73582,0.82966,0.67696,0.80099,0.86888,0.01866,0.00373,0.00373,0.00373,,,,,
run_12_optimizer_AdamW,optimizer,AdamW,21,17286.8,0.93183,0.56208,0.02336,0.81553,0.75291,0.8112,0.66227,0.79524,0.90869,0.01823,0.0034,0.0034,0.0034,,,,,
run_12_optimizer_AdamW,optimizer,AdamW,22,18060.9,0.89916,0.52127,0.02239,0.83755,0.75201,0.8222,0.67418,0.78293,0.89248,0.01787,0.00307,0.00307,0.00307,,,,,
run_12_optimizer_AdamW,optimizer,AdamW,23,18737.1,0.87065,0.50376,0.02155,0.82251,0.7461,0.80563,0.65571,0.81011,0.93045,0.01866,0.00274,0.00274,0.00274,,,,,
run_12_optimizer_AdamW,optimizer,AdamW,24,19519.0,0.85487,0.47742,0.02105,0.83588,0.73043,0.81146,0.65846,0.82177,0.92309,0.01885,0.00241,0.00241,0.00241,,,,,
run_12_optimizer_AdamW,optimizer,AdamW,25,20276.2,0.83731,0.45926,0.02065,0.84574,0.7313,0.81763,0.66542,0.80509,0.92423,0.01826,0.00208,0.00208,0.00208,,,,,
run_12_optimizer_AdamW,optimizer,AdamW,26,21007.9,0.82222,0.44856,0.02022,0.83154,0.75187,0.80417,0.66002,0.7922,0.93239,0.01794,0.00175,0.00175,0.00175,,,,,
run_12_optimizer_AdamW,optimizer,AdamW,27,21633.0,0.80729,0.42683,0.01976,0.87602,0.71213,0.80377,0.65682,0.7877,0.9457,0.01785,0.00142,0.00142,0.00142,,,,,
